<?xml version="1.0" encoding="UTF-8"?>
<metadata xmlns="http://www.demandware.com/xml/impex/metadata/2006-10-31">
    <type-extension type-id="Order">
        <custom-attribute-definitions>
            <attribute-definition attribute-id="Pledg_eventCode">
                <display-name xml:lang="x-default">PledgCode</display-name>
                <description xml:lang="x-default">AUTHORISATION, CANCELLATION, REFUND</description>
                <type>string</type>
                <mandatory-flag>false</mandatory-flag>
                <externally-managed-flag>false</externally-managed-flag>
                <min-length>0</min-length>
            </attribute-definition>
            <attribute-definition attribute-id="Pledg_paymentMethod">
                <display-name xml:lang="x-default">paymentMethod</display-name>
                <description xml:lang="x-default">paymentMethod used by shopper</description>
                <type>string</type>
                <mandatory-flag>false</mandatory-flag>
                <externally-managed-flag>false</externally-managed-flag>
                <min-length>0</min-length>
                <field-length>0</field-length>
            </attribute-definition>
            <attribute-definition attribute-id="Pledg_value">
                <display-name xml:lang="x-default">Amount</display-name>
                <description xml:lang="x-default">Amount paid (divide by 100)</description>
                <type>string</type>
                <mandatory-flag>false</mandatory-flag>
                <externally-managed-flag>false</externally-managed-flag>
                <min-length>0</min-length>
            </attribute-definition>
            <attribute-definition attribute-id="Pledg_CustomerEmail">
                <display-name xml:lang="x-default">Pledg Customer email</display-name>
                <description xml:lang="x-default">Confirmation email to shopper</description>
                <type>text</type>
                <mandatory-flag>false</mandatory-flag>
                <externally-managed-flag>false</externally-managed-flag>
                <min-length>0</min-length>
            </attribute-definition>
        </custom-attribute-definitions>
        <group-definitions>
            <attribute-group group-id="PledgPayments">
                <display-name xml:lang="x-default">PledgPayments</display-name>
                <attribute attribute-id="Pledg_eventCode"/>
                <attribute attribute-id="Pledg_paymentMethod"/>
                <attribute attribute-id="Pledg_value"/>
            </attribute-group>
        </group-definitions>
    </type-extension>
    <type-extension type-id="OrderPaymentInstrument">
        <custom-attribute-definitions>
            <attribute-definition attribute-id="PledgIssuerName">
                <display-name xml:lang="x-default">PledgIssuerName</display-name>
                <description xml:lang="x-default">Selected issuer name</description>
                <type>string</type>
                <mandatory-flag>false</mandatory-flag>
                <externally-managed-flag>false</externally-managed-flag>
                <min-length>0</min-length>
            </attribute-definition>
            <attribute-definition attribute-id="PledgPaymentMethod">
                <display-name xml:lang="x-default">PledgPaymentMethod</display-name>
                <description xml:lang="x-default">paymentMethod used by shopper</description>
                <type>string</type>
                <mandatory-flag>false</mandatory-flag>
                <externally-managed-flag>false</externally-managed-flag>
                <min-length>0</min-length>
                <field-length>0</field-length>
            </attribute-definition>
            <attribute-definition attribute-id="PledgdditionalPaymentData">
                <display-name xml:lang="x-default">PledgAdditionalPaymentData</display-name>
                <description xml:lang="x-default">Additional data for payment method</description>
                <type>string</type>
                <mandatory-flag>false</mandatory-flag>
                <externally-managed-flag>false</externally-managed-flag>
                <min-length>0</min-length>
                <field-length>0</field-length>
            </attribute-definition>
             <attribute-definition attribute-id="PledgAction">
                <display-name xml:lang="x-default">PledgAction</display-name>
                <description xml:lang="x-default">Action data from payment response</description>
                <type>string</type>
                <mandatory-flag>false</mandatory-flag>
                <externally-managed-flag>false</externally-managed-flag>
                <min-length>0</min-length>
                <field-length>0</field-length>
            </attribute-definition>
        </custom-attribute-definitions>
        <group-definitions>
            <attribute-group group-id="PledgPayment">
                <display-name xml:lang="x-default">PledgPayment</display-name>
                <attribute attribute-id="PledgIssuerName"/>
                <attribute attribute-id="PledgPaymentMethod"/>
                <attribute attribute-id="PledgPaymentData"/>
            </attribute-group>
        </group-definitions>
    </type-extension>
    <type-extension type-id="CustomerPaymentInstrument">
            <custom-attribute-definitions>
                <attribute-definition attribute-id="PledgCreditCardType">
                    <display-name xml:lang="x-default">PledgCreditCardType</display-name>
                    <description xml:lang="x-default">Pledg Credit card type</description>
                    <type>string</type>
                    <mandatory-flag>false</mandatory-flag>
                    <externally-managed-flag>false</externally-managed-flag>
                    <min-length>0</min-length>
                </attribute-definition>
                <attribute-definition attribute-id="PledgPaymentData">
                    <display-name xml:lang="x-default">PledgPaymentData</display-name>
                    <description xml:lang="x-default">PledgPaymentData</description>
                    <type>text</type>
                    <mandatory-flag>false</mandatory-flag>
                    <externally-managed-flag>false</externally-managed-flag>
                    <min-length>0</min-length>
                    <field-length>0</field-length>
                </attribute-definition>
            </custom-attribute-definitions>
            <group-definitions>
                <attribute-group group-id="PledgPayment">
                    <display-name xml:lang="x-default">PledgPayment</display-name>
                    <attribute attribute-id="PledgCreditCardType"/>
                    <attribute attribute-id="PledgPaymentData"/>
                </attribute-group>
            </group-definitions>
    </type-extension>

    <type-extension type-id="PaymentTransaction">
        <system-attribute-definitions>
            <attribute-definition attribute-id="UUID">
                <min-length>0</min-length>
                <field-length>28</field-length>
            </attribute-definition>
            <attribute-definition attribute-id="creationDate"/>
            <attribute-definition attribute-id="lastModified"/>
            <attribute-definition attribute-id="transactionID">
                <min-length>0</min-length>
            </attribute-definition>
            <attribute-definition attribute-id="type">
                <value-definitions immutable="true">
                    <value-definition>
                        <display xml:lang="x-default">Authorization</display>
                        <value>TYPE_AUTH</value>
                    </value-definition>
                    <value-definition>
                        <display xml:lang="x-default">Authorization Reversal</display>
                        <value>TYPE_AUTH_REVERSAL</value>
                    </value-definition>
                    <value-definition>
                        <display xml:lang="x-default">Capture</display>
                        <value>TYPE_CAPTURE</value>
                    </value-definition>
                    <value-definition>
                        <display xml:lang="x-default">Credit</display>
                        <value>TYPE_CREDIT</value>
                    </value-definition>
                </value-definitions>
            </attribute-definition>
        </system-attribute-definitions>
        <custom-attribute-definitions>
            <attribute-definition attribute-id="AmountPaid">
                <display-name xml:lang="x-default">Amount Paid</display-name>
                <type>double</type>
                <mandatory-flag>false</mandatory-flag>
                <externally-managed-flag>false</externally-managed-flag>
            </attribute-definition>
            <attribute-definition attribute-id="approvalStatus">
                <display-name xml:lang="x-default">Approval Status</display-name>
                <type>string</type>
                <mandatory-flag>false</mandatory-flag>
                <externally-managed-flag>false</externally-managed-flag>
                <min-length>0</min-length>
            </attribute-definition>
            <attribute-definition attribute-id="authAmount">
                <display-name xml:lang="x-default">Auth Amount</display-name>
                <type>string</type>
                <mandatory-flag>false</mandatory-flag>
                <externally-managed-flag>false</externally-managed-flag>
                <min-length>0</min-length>
            </attribute-definition>
            <attribute-definition attribute-id="authCode">
                <display-name xml:lang="x-default">Authorization Code</display-name>
                <type>string</type>
                <mandatory-flag>false</mandatory-flag>
                <externally-managed-flag>false</externally-managed-flag>
                <min-length>0</min-length>
            </attribute-definition>
            <attribute-definition attribute-id="cardType">
                <display-name xml:lang="x-default">Card Type</display-name>
                <type>string</type>
                <mandatory-flag>false</mandatory-flag>
                <externally-managed-flag>false</externally-managed-flag>
                <min-length>0</min-length>
            </attribute-definition>
            <attribute-definition attribute-id="requestId">
                <display-name xml:lang="x-default">Request ID</display-name>
                <type>string</type>
                <mandatory-flag>false</mandatory-flag>
                <externally-managed-flag>false</externally-managed-flag>
                <min-length>0</min-length>
            </attribute-definition>
            <attribute-definition attribute-id="requestToken">
                <display-name xml:lang="x-default">Request Token</display-name>
                <type>string</type>
                <mandatory-flag>false</mandatory-flag>
                <externally-managed-flag>false</externally-managed-flag>
                <min-length>0</min-length>
            </attribute-definition>
            <attribute-definition attribute-id="Pledg_log">
                <display-name xml:lang="x-default">Pledg Log</display-name>
                <type>text</type>
                <mandatory-flag>false</mandatory-flag>
                <externally-managed-flag>false</externally-managed-flag>
            </attribute-definition>
            <attribute-definition attribute-id="Pledg">
                <display-name xml:lang="x-default">Pledg_authResult</display-name>
                <type>string</type>
                <mandatory-flag>false</mandatory-flag>
                <externally-managed-flag>false</externally-managed-flag>
            </attribute-definition>
             <attribute-definition attribute-id="Pledg_merchantReference">
                <display-name xml:lang="x-default">Pledg_merchantReference</display-name>
                <type>string</type>
                <mandatory-flag>false</mandatory-flag>
                <externally-managed-flag>false</externally-managed-flag>
            </attribute-definition>
             <attribute-definition attribute-id="Pledg_merchantReturnData">
                <display-name xml:lang="x-default">Pledg_merchantReturnData</display-name>
                <type>string</type>
                <mandatory-flag>false</mandatory-flag>
                <externally-managed-flag>false</externally-managed-flag>
            </attribute-definition>
             <attribute-definition attribute-id="Pledg_merchantSig">
                <display-name xml:lang="x-default">Pledg_merchantSig</display-name>
                <type>string</type>
                <mandatory-flag>false</mandatory-flag>
                <externally-managed-flag>false</externally-managed-flag>
            </attribute-definition>
             <attribute-definition attribute-id="Pledg_paymentMethod">
                <display-name xml:lang="x-default">Pledg_paymentMethod</display-name>
                <type>string</type>
                <mandatory-flag>false</mandatory-flag>
                <externally-managed-flag>false</externally-managed-flag>
            </attribute-definition>
    </type-extension>
    <type-extension type-id="SitePreferences">
        <custom-attribute-definitions>
                 
            <attribute-definition attribute-id="PledgRecurringEnabled">
                <display-name xml:lang="x-default">Store shopper details: recurring</display-name>
                <description xml:lang="x-default">Tokenize shopper details for recurring payments</description>
                <type>boolean</type>
                <mandatory-flag>false</mandatory-flag>
                <externally-managed-flag>false</externally-managed-flag>
                <default-value>false</default-value>
            </attribute-definition>
            <attribute-definition attribute-id="PledgOneClickEnabled">
                <display-name xml:lang="x-default">Store shopper details: one-click</display-name>
                <description xml:lang="x-default">Tokenize shopper details for one-click payments</description>
                <type>boolean</type>
                <mandatory-flag>false</mandatory-flag>
                <externally-managed-flag>false</externally-managed-flag>
                <default-value>false</default-value>
            </attribute-definition>
            <attribute-definition attribute-id="PledgCreditCardInstallments">
                <display-name xml:lang="x-default">Credit Card Installments</display-name>
                <description xml:lang="x-default">If installments are required please create the configuration value using this link: https://pledgcorporate.github.io/ecard-plugin-doc/#/plugin/README?id=html</description>
                <type>string</type>
                <mandatory-flag>false</mandatory-flag>
                <externally-managed-flag>false</externally-managed-flag>
            </attribute-definition>
            <attribute-definition attribute-id="PledgBasketFieldsEnabled">
                <display-name xml:lang="x-default">Basket Fields Enabled</display-name>
                <type>boolean</type>
                <mandatory-flag>false</mandatory-flag>
                <externally-managed-flag>false</externally-managed-flag>
                <default-value>true</default-value>
            </attribute-definition>
            <attribute-definition attribute-id="Pledg_Mode">
                <display-name xml:lang="x-default">Test/Production Mode</display-name>
                <description xml:lang="x-default">Set to live for Production or test for test mode</description>
                <type>enum-of-string</type>
                <mandatory-flag>false</mandatory-flag>
                <externally-managed-flag>false</externally-managed-flag>
                <value-definitions>
                    <value-definition default="true">
                        <value>TEST</value>
                    </value-definition>
                    <value-definition>
                        <value>LIVE</value>
                    </value-definition>
                </value-definitions>
            </attribute-definition>
            <attribute-definition attribute-id="Pledg_merchantCode">
                <display-name xml:lang="x-default">Pledg account</display-name>
                <type>string</type>
                <mandatory-flag>false</mandatory-flag>
                <externally-managed-flag>false</externally-managed-flag>
                <min-length>0</min-length>
            </attribute-definition>
            <attribute-definition attribute-id="Pledg_notification_password">
                <display-name xml:lang="x-default">Pledg Notifications Password</display-name>
                <description xml:lang="x-default">Pledg Notifications Password for basic Authentication</description>
                <type>password</type>
                <mandatory-flag>false</mandatory-flag>
                <externally-managed-flag>false</externally-managed-flag>
                <min-length>0</min-length>
                <field-length>0</field-length>
            </attribute-definition>
            <attribute-definition attribute-id="Pledg_notification_user">
                <display-name xml:lang="x-default">Pledg Notifications User</display-name>
                <description xml:lang="x-default">Pledg Notifications User for Basic Authentication</description>
                <type>string</type>
                <mandatory-flag>false</mandatory-flag>
                <externally-managed-flag>false</externally-managed-flag>
                <min-length>0</min-length>
                <field-length>0</field-length>
            </attribute-definition>
             <attribute-definition attribute-id="Pledg_API_Key">
                <display-name xml:lang="x-default">X-API-KEY of Web service</display-name>
                <description xml:lang="x-default">X-API-KEY of Web service</description>
                <type>password</type>
                <mandatory-flag>false</mandatory-flag>
                <externally-managed-flag>false</externally-managed-flag>
                <min-length>0</min-length>
                <field-length>0</field-length>
            </attribute-definition>
        </custom-attribute-definitions>
        <group-definitions>
            <attribute-group group-id="Pledg">
                <display-name xml:lang="x-default">Pledg Account Settings</display-name>
                <attribute attribute-id="Pledg_merchantCode"/>
                <attribute attribute-id="Pledg_Mode"/>
                <attribute attribute-id="Pledg_API_Key"/>
                <attribute attribute-id="PledgRecurringEnabled"/>
                <attribute attribute-id="PledgOneClickEnabled"/>
                <attribute attribute-id="PledgCreditCardInstallments"/>
                <attribute attribute-id="PledgBasketFieldsEnabled"/>
	            <attribute attribute-id="Pledg_notification_user"/>
                <attribute attribute-id="Pledg_notification_password"/>
                <attribute attribute-id="PledgRatePayID"/>
            </attribute-group>
        </group-definitions>
</type-extension>
</metadata>
