<?xml version="1.0" encoding="UTF-8"?>
<payment-settings xmlns="http://www.demandware.com/xml/impex/paymentsettings/2009-09-15">
    <payment-method method-id="Pledg">
        <name xml:lang="x-default">Pledg</name>
        <description xml:lang="x-default">Service de payment</description>
        <enabled-flag>false</enabled-flag>
        <processor-id>Pledg</processor-id>
    </payment-method>
	<payment-method method-id="CREDIT_CARD">
        <name xml:lang="x-default">Credit Card</name>
        <enabled-flag>false</enabled-flag>
        <processor-id>PLEDG_CREDIT</processor-id>
    </payment-method>
      
    <payment-method method-id="PledgComponent">
        <name xml:lang="x-default">PledgComponent</name>
        <description xml:lang="x-default">PledgGeneric Component</description>
        <enabled-flag>true</enabled-flag>
        <processor-id>Pledg_Component</processor-id>
    </payment-method>
</payment-settings>
