<?xml version="1.0" encoding="UTF-8"?>
<services xmlns="http://www.demandware.com/xml/impex/services/2014-09-26">
    <service-credential service-credential-id="PledgPayment">
        <url>https://checkout-test.adyen.com/checkout/v51/payments</url>
        <user-id></user-id>
        <password/>
    </service-credential>
    <service-credential service-credential-id="PledgPaymentDetails">
        <url>https://checkout-test.adyen.com/checkout/v51/payments/details</url>
        <user-id></user-id>
        <password/>
    </service-credential>

    <service-credential service-credential-id="PledgCheckoutPaymentMethods">
        <url>https://checkout-test.adyen.com/v51/paymentMethods</url>
        <user-id></user-id>
        <password/>
    </service-credential>
  
    <service-credential service-credential-id="PledgOriginKeys">
        <url>https://checkout-test.adyen.com/v1/originKeys</url>
        <user-id></user-id>
        <password/>
    </service-credential>
   
    <service-profile service-profile-id="Pledg">
        <timeout-millis>30000</timeout-millis>
        <cb-enabled>false</cb-enabled>
    </service-profile> 
    <service service-id="PledgPayment">
        <service-type>HTTP</service-type>
        <enabled>true</enabled>
        <log-prefix>Pledg</log-prefix>
        <comm-log-enabled>true</comm-log-enabled>
        <mock-mode-enabled>false</mock-mode-enabled>
        <profile-id>Pledg</profile-id>
        <credential-id>PledgPayment</credential-id>
    </service>
    <service service-id="PledgPaymentDetails">
        <service-type>HTTP</service-type>
        <enabled>true</enabled>
        <log-prefix>Pledg</log-prefix>
        <comm-log-enabled>true</comm-log-enabled>
        <mock-mode-enabled>false</mock-mode-enabled>
        <profile-id>Pledg</profile-id>
        <credential-id>PledgPaymentDetails</credential-id>
    </service>

    <service service-id="PledgCheckoutPaymentMethods">
        <service-type>HTTP</service-type>
        <enabled>true</enabled>
        <log-prefix>Pledg</log-prefix>
        <comm-log-enabled>true</comm-log-enabled>
        <mock-mode-enabled>false</mock-mode-enabled>
        <profile-id>Pledg</profile-id>
        <credential-id>PledgCheckoutPaymentMethods</credential-id>
    </service>
    

    <service service-id="PledgOriginKeys">
        <service-type>HTTP</service-type>
        <enabled>true</enabled>
        <log-prefix>Pledg</log-prefix>
        <comm-log-enabled>true</comm-log-enabled>
        <mock-mode-enabled>false</mock-mode-enabled>
        <profile-id>Pledg</profile-id>
        <credential-id>PledgOriginKeys</credential-id>
    </service>
</services>
